ジャンル,ワード
生き物,じゃいあんとぱんだ
生き物,たつのおとしご
生き物,おおさんしょううお
生き物,のこぎりざめ
生き物,じんべえざめ
生き物,しゅもくざめ
生き物,ほっきょくぐま
生き物,だいおうぐそくむし
生き物,ちんあなご
生き物,にほんかわうそ
生き物,とのさまがえる
生き物,みやまくわがた
生き物,かみきりむし
生き物,つくつくほうし
生き物,みんみんぜみ
生き物,あぶらぜみ
生き物,にほんざる
生き物,てながざる
生き物,てんぐざる
生き物,ほっきょくぎつね
生き物,えぞももんが
生き物,にほんももんが
生き物,やんばるくいな
生き物,しまふくろう
生き物,おおこのはずく
生き物,すまとらとら
生き物,にほんおおかみ
生き物,おじろわし
生き物,べにくらげ
生き物,みずくらげ
生き物,ぎんやんま
生き物,あめふらし
生き物,むらさきうに
生き物,ばふんうに
生き物,はなさきがに
生き物,たかあしがに
生き物,ずわいがに
生き物,たらばがに
生き物,おおかみうお
生き物,ちょうざめ
生き物,おにおこぜ
生き物,みのかさご
生き物,でんきうなぎ
生き物,でんきなまず
生き物,てっぽううお
生き物,かまきり
生き物,はまぐり
生き物,あかがえる
生き物,とかげ
生き物,やもり
生き物,いもり
生き物,くじら
生き物,いるか
生き物,らっこ
生き物,あざらし
生き物,せいるす
生き物,ぺんぎん
生き物,あるばとろす
生き物,たかはし
生き物,らいちょう
食べ物・料理,おこのみやき
食べ物・料理,ひつまぶし
食べ物・料理,ちゃんこなべ
食べ物・料理,きりたんぽ
食べ物・料理,はかたもつなべ
食べ物・料理,おやこどん
食べ物・料理,えびてんどん
食べ物・料理,うなぎどん
食べ物・料理,かいせんどん
食べ物・料理,ねぎとろどん
食べ物・料理,てっかどん
食べ物・料理,おむらいす
食べ物・料理,はやしらいす
食べ物・料理,えびぐらたん
食べ物・料理,えびどりあ
食べ物・料理,かぼちゃころっけ
食べ物・料理,めんちかつ
食べ物・料理,なごやとんかつ
食べ物・料理,つみれじる
食べ物・料理,ぐだくさんとんじる
食べ物・料理,さんぺいじる
食べ物・料理,さけのかすじる
食べ物・料理,しゅうまい
食べ物・料理,しょうりゅうぽう
食べ物・料理,くろずのすぶた
食べ物・料理,よだれどり
食べ物・料理,ごまだんご
食べ物・料理,みたらしだんご
食べ物・料理,いちごだいふく
食べ物・料理,くりどらやき
食べ物・料理,あんこたいやき
食べ物・料理,かきごおり
食べ物・料理,くりあんみつ
食べ物・料理,くりぜんざい
食べ物・料理,あんこのおはぎ
食べ物・料理,くろみつくずもち
食べ物・料理,わらびもち
食べ物・料理,なまやつはし
食べ物・料理,なぽりたん
食べ物・料理,しふぉんけーき
食べ物・料理,ぷりんあらもーど
食べ物・料理,れもんきーけーき
食べ物・料理,とんこつらーめん
食べ物・料理,みそらーめん
食べ物・料理,しおらーめん
食べ物・料理,すたみな丼
食べ物・料理,きゅうりづけ
食べ物・料理,かきふらい
食べ物・料理,すうぷいんすう
地理・観光・建物,ばんりのちょうじょう
地理・観光・建物,さぐらだふぁみりあ
地理・観光・建物,ふじさんろく
地理・観光・建物,ことうきょうと
地理・観光・建物,にっこうとうしょうぐう
地理・観光・建物,いつきしまじんじゃ
地理・観光・建物,きよみずでら
地理・観光・建物,きんかくじ
地理・観光・建物,ぎんかくじ
地理・観光・建物,とうだいじ
地理・観光・建物,ほうりゅうじ
地理・観光・建物,ひめじじょう
地理・観光・建物,くまもとじょう
地理・観光・建物,なごやじょう
地理・観光・建物,おおさかじょう
地理・観光・建物,まちゅぴちゅ
地理・観光・建物,ぴらみっど
地理・観光・建物,じゆうのめがみ
地理・観光・建物,えっふぇるとう
地理・観光・建物,とりあんふ
地理・観光・建物,ぱるてのんしんでん
地理・観光・建物,ころっせお
地理・観光・建物,すふぃんくす
地理・観光・建物,あくろぽりす
地理・観光・建物,すとんへんじ
地理・観光・建物,いずもたいしゃ
地理・観光・建物,いせじんぐう
地理・観光・建物,あまのはしだて
地理・観光・建物,とっとりさきゅう
地理・観光・建物,あそのさん
地理・観光・建物,さくらじま
地理・観光・建物,やくしまのもり
地理・観光・建物,しれとこはんとう
地理・観光・建物,ぐあむとう
地理・観光・建物,はわいとう
地理・観光・建物,ほっかいどう
地理・観光・建物,おきなわけん
地理・観光・建物,かごしまけん
地理・観光・建物,たわーまんしょん
地理・観光・建物,ちかてつえき
地理・観光・建物,こくさいせんたー
地理・観光・建物,すぽーつぷらざ
地理・観光・建物,びじゅつかん
地理・観光・建物,はくぶつかん
地理・観光・建物,としょかん
歴史・人物,みなもとのよりとも
歴史・人物,おだのぶなが
歴史・人物,とよとみひでよし
歴史・人物,とくがわいえやす
歴史・人物,さかもとりょうま
歴史・人物,さいごうたかもり
歴史・人物,むらさきしきぶ
歴史・人物,せいしょうなごん
歴史・人物,あけちみつひで
歴史・人物,たけだしんげん
歴史・人物,うえすぎけんしん
歴史・人物,しょうとくたいし
歴史・人物,おののいもこ
歴史・人物,やまとひみこ
歴史・人物,たいらのきよもり
歴史・人物,みなもとのよしつね
歴史・人物,あしかがたかうじ
歴史・人物,あしかがよしみつ
歴史・人物,だてまさむね
歴史・人物,さなだゆきむら
歴史・人物,ふくざわゆきち
歴史・人物,のぐちひでよ
歴史・人物,なつめそうせき
歴史・人物,あくたがわりゅうのすけ
歴史・人物,だざいおさむ
歴史・人物,いたがきたいすけ
歴史・人物,かつかいしゅう
歴史・人物,よしだしょういん
歴史・人物,たかすぎしんさく
歴史・人物,なぽれおん
歴史・人物,くれおぱとら
歴史・人物,ころんぶす
歴史・人物,はつめいかえじそん
歴史・人物,りーだー
歴史・人物,きんぐ
歴史・人物,しょうぐん
歴史・人物,はいろうだー
物語・アニメ・作品,ぐりとぐら
物語・アニメ・作品,ぴかちゅう
物語・アニメ・作品,となりのととろ
物語・アニメ・作品,ももたろう
物語・アニメ・作品,うらしまたろう
物語・アニメ・作品,かぐやひめ
物語・アニメ・作品,いっすんぼうし
物語・アニメ・作品,かさじぞう
物語・アニメ・作品,さるかにかっせん
物語・アニメ・作品,つるのおんがえし
物語・アニメ・作品,はなさかじいさん
物語・アニメ・作品,きんたろう
物語・アニメ・作品,かちかちやま
物語・アニメ・作品,わらしべちょうじゃ
物語・アニメ・作品,あかずきんちゃん
物語・アニメ・作品,しらゆきひめ
物語・アニメ・作品,しんでれら
物語・アニメ・作品,ねむりひめ
物語・アニメ・作品,にんぎょひめ
物語・アニメ・作品,おやゆびひめ
物語・アニメ・作品,まっちうりのしょうじょ
物語・アニメ・作品,ふらんだすのいぬ
物語・アニメ・作品,ぴのきおのぼうけん
物語・アニメ・作品,ふしぎのくにのありす
物語・アニメ・作品,さんびきのこぶた
物語・アニメ・作品,しちひきのこやぎ
物語・アニメ・作品,はだかのおうさま
物語・アニメ・作品,がりばーりょこうき
物語・アニメ・作品,そんごくう
物語・アニメ・作品,ふぁんたじー
物語・アニメ・作品,あにめーしょん
物語・アニメ・作品,えらー
物語・アニメ・作品,たーざん
乗り物・道具,しんかんせん
乗り物・道具,せんすいかん
乗り物・道具,きゅうきゅうしゃ
乗り物・道具,しょうぼうしゃ
乗り物・道具,ろめんでんしゃ
乗り物・道具,じんりきしゃ
乗り物・道具,すいじょうばす
乗り物・道具,うちゅうせん
乗り物・道具,じんこうえいせい
乗り物・道具,ねつききゅう
乗り物・道具,かんせいとう
乗り物・道具,あんぜんねっと
乗り物・道具,はしごしゃ
乗り物・道具,じどうしゃ
乗り物・道具,けいじどうしゃ
乗り物・道具,でんどうじてんしゃ
乗り物・道具,さんりんしゃ
乗り物・道具,いちりんしゃ
乗り物・道具,じょうききかんしゃ
乗り物・道具,でんききかんしゃ
乗り物・道具,かもつれっしゃ
乗り物・道具,りょかくき
乗り物・道具,らせんかいだん
乗り物・道具,けんびきょう
乗り物・道具,ぼうえんきょう
乗り物・道具,むしめがね
乗り物・道具,かいちゅうでんとう
乗り物・道具,ほういじしゃく
乗り物・道具,にほんそろばん
乗り物・道具,ちょうしんき
乗り物・道具,たいおんけい
乗り物・道具,けつあつけい
乗り物・道具,たくじょうはかり
乗り物・道具,あんぜんつめきり
乗り物・道具,すなどけい
乗り物・道具,はとどけい
乗り物・道具,めざましどけい
乗り物・道具,かいちゅうどけい
乗り物・道具,れーだー
乗り物・道具,たぶれっと
乗り物・道具,すまーとふぉん
乗り物・道具,こんぴゅーた
乗り物・道具,べーすぼーるばっと
スポーツ・運動,ほくとしちせい
スポーツ・運動,たいようけい
スポーツ・運動,ひまわりのなな
スポーツ・運動,おりんぴっく
スポーツ・運動,しんたいそう
スポーツ・運動,りくじょうきょうぎ
スポーツ・運動,きょうえい
スポーツ・運動,たっきゅう
スポーツ・運動,ばどみんとん
スポーツ・運動,じゅうどう
スポーツ・運動,にほんけんどう
スポーツ・運動,からてどう
スポーツ・運動,きゅうどう
スポーツ・運動,おおずもう
スポーツ・運動,あいきどう
スポーツ・運動,にほんなぎなた
スポーツ・運動,たかとびこみ
スポーツ・運動,しょうがいぶつきょうそう
スポーツ・運動,あかぐみたまいれ
スポーツ・運動,おおつなひき
スポーツ・運動,うんどうかいきばせん
スポーツ・運動,とれーにんぐ
スポーツ・運動,じょぎんぐ
スポーツ・運動,きんぐすぽーつ
スポーツ・運動,すぽーつまん
自然・宇宙・天気,あまのがわ
自然・宇宙・天気,ほっきょくせい
自然・宇宙・天気,ながれぼし
自然・宇宙・天気,にっしょく
自然・宇宙・天気,げっしょく
自然・宇宙・天気,かいきにっしょく
自然・宇宙・天気,おおがただいふう
自然・宇宙・天気,きょだいたつまき
自然・宇宙・天気,しんきろう
自然・宇宙・天気,はるのかげろう
自然・宇宙・天気,せきらんうん
自然・宇宙・天気,にゅうどうぐも
自然・宇宙・天気,おおつぶのひょう
自然・宇宙・天気,おーろら
自然・宇宙・天気,たいふういっか
自然・宇宙・天気,ぷらねたりのむ
生活・家事・家電,すいはんき
生活・家事・家電,せんたくき
生活・家事・家電,でんきそうじき
生活・家事・家電,れいぞうこ
生活・家事・家電,でんしれんじ
生活・家事・家電,ちょうおんぱかしつき
生活・家事・家電,じょしつき
生活・家事・家電,くうきせいじょうき
生活・家事・家電,せんぷうき
生活・家事・家電,かんきせん
生活・家事・家電,ゆわかしき
生活・家事・家電,しょっきあらいき
生活・家事・家電,しょくせんき
生活・家事・家電,みっぺいようき
生活・家事・家電,あつりょくなべ
生活・家事・家電,まんねんどなべ
生活・家事・家電,とこなめきゅうす
生活・家事・家電,ひのきまないた
生活・家事・家電,ほうちょう
生活・家事・家電,てんねんといし
生活・家事・家電,くりーなー
生活・家事・家電,みんみんまくら
生活・家事・家電,えあこん
職業・仕事,けいさつかん
職業・仕事,しょうぼうし
職業・仕事,うちゅうひこうし
職業・仕事,こうかいし
職業・仕事,さいばんかん
職業・仕事,じんけんべんごし
職業・仕事,けんさつかん
職業・仕事,けんちくし
職業・仕事,やくざいし
職業・仕事,にんていかんごし
職業・仕事,じょさんし
職業・仕事,じゅういし
職業・仕事,しいくいん
職業・仕事,めいたんてい
職業・仕事,にんきまんがか
職業・仕事,しょうせつか
職業・仕事,ほんやくか
職業・仕事,しゃしんか
職業・仕事,こっかいぎいん
職業・仕事,がいこうかん
職業・仕事,まねーじゃー
職業・仕事,ぷろぐらまー
職業・仕事,でざいさー
学問・科学・IT,じんこうちのう
学問・科学・IT,りょうしりきがく
学問・科学・IT,うちゅうぶつりがく
学問・科学・IT,いでんしくみかえ
学問・科学・IT,こうごうせい
学問・科学・IT,ばんこくはくらんかい
学問・科学・IT,でんじゆうどう
学問・科学・IT,せいでんき
学問・科学・IT,もうさいけっかん
学問・科学・IT,むじゅうりょく
学問・科学・IT,たいきけん
学問・科学・IT,にさんかたんそ
学問・科学・IT,いっさんかたんそ
学問・科学・IT,かさんかすいそ
学問・科学・IT,あんごうか
学問・科学・IT,じょうほうしょり
学問・科学・IT,でんしけいさんき
学問・科学・IT,つうしんもう
学問・科学・IT,かそうげんじつ
学問・科学・IT,ねっとわーく
学問・科学・IT,ぷろせっさー
音楽・芸術・文化,こうきょうきょく
音楽・芸術・文化,きょうそうきょく
音楽・芸術・文化,すいそうがく
音楽・芸術・文化,かんげんがく
音楽・芸術・文化,げんがくしじゅうそう
音楽・芸術・文化,でんとうかぶき
音楽・芸術・文化,にんぎょうじょうるり
音楽・芸術・文化,こてんらくご
音楽・芸術・文化,でんとうこうだん
音楽・芸術・文化,かどうりゅうは
音楽・芸術・文化,おもてせんけ
音楽・芸術・文化,すいぼくが
音楽・芸術・文化,もくはんが
音楽・芸術・文化,ふぃるはーもにー
音楽・芸術・文化,おーけすとら
音楽・芸術・文化,あーときすと
季節・年中行事,しちごさん
季節・年中行事,じゅうごやおつきさま
季節・年中行事,たんごのせっく
季節・年中行事,もものせっく
季節・年中行事,ひなまつり
季節・年中行事,こどものひ
季節・年中行事,たなばたまつり
季節・年中行事,おぼんやすみ
季節・年中行事,おおそうじ
季節・年中行事,おおみそか
季節・年中行事,おしょうがつ
季節・年中行事,かがみびらき
季節・年中行事,せつぶんまめまき
季節・年中行事,ひがんばな
季節・年中行事,しょちゅうみまい
季節・年中行事,ざんしょみまい
季節・年中行事,ねんがじょう
季節・年中行事,しんしゅんのかどまつ
季節・年中行事,はつもうでのはまや
季節・年中行事,おとしだま
身体・健康,じりつしんけい
身体・健康,せっけっきゅう
身体・健康,はっけっきゅう
身体・健康,けっしょうばん
身体・健康,めんえきりょく
身体・健康,しんちんたいしゃ
身体・健康,ごぞうろっぷ
身体・健康,おうかくまく
身体・健康,へんとうせん
身体・健康,せきしょくこつずい
身体・健康,こかんせつ
身体・健康,ゆうさんそうんどう
身体・健康,しんこきゅう
ことわざ・四字熟語,いちごいちえ
ことわざ・四字熟語,いしんでんしん
ことわざ・四字熟語,いっせきにちょう
ことわざ・四字熟語,しちてんはっき
ことわざ・四字熟語,じゅうにんといろ
ことわざ・四字熟語,おんこちしん
ことわざ・四字熟語,じごうじとく
ことわざ・四字熟語,りんきおうへん
ことわざ・四字熟語,むがむちゅう
ことわざ・四字熟語,せいしんせいい
ことわざ・四字熟語,せっさたくま
ことわざ・四字熟語,しょしかんてつ
ことわざ・四字熟語,たんとうちょくにゅう
ことわざ・四字熟語,たいきばんせい
ことわざ・四字熟語,ぜんだいみもん
ことわざ・四字熟語,ひゃっぱつひゃくちゅう
ことわざ・四字熟語,もんどうむよう
ことわざ・四字熟語,じゃくにくきょうしょく
ことわざ・四字熟語,てきざいてきしょ